201601060506_胡禺;0;201401060413_刘子笛;100.0;1;201501060136_张欣俣;100.0;2;201601060508_姬学磊;100.0;3;201601060507_胡玉华;100.0;4;201601060533_张燕丘;85.7;5;201601060517_山珊;85.7;6;201601060330_杨雨;85.7;7;201601060339_陈双;85.7;8;201601060336_赵光博;85.7;9;201601060331_尹振;85.7;10;201601060318_孙崇宇;85.7;11;201601060337_赵美玉;73.4;12;201501041623_余明军;71.4;13;201601060314_刘新妹;60.6;
201601060508_姬学磊;14;201401060413_刘子笛;100.0;15;201501060136_张欣俣;100.0;16;201601060507_胡玉华;100.0;17;201601060339_陈双;85.7;18;201601060336_赵光博;85.7;19;201601060318_孙崇宇;85.7;20;201601060331_尹振;85.7;21;201601060533_张燕丘;85.7;22;201601060517_山珊;85.7;23;201601060330_杨雨;85.7;24;201601060337_赵美玉;73.4;25;201501041623_余明军;71.4;26;201601060314_刘新妹;60.6;
201601060507_胡玉华;27;201501060136_张欣俣;100.0;28;201401060413_刘子笛;100.0;29;201601060339_陈双;85.7;30;201601060336_赵光博;85.7;31;201601060331_尹振;85.7;32;201601060533_张燕丘;85.7;33;201601060517_山珊;85.7;34;201601060318_孙崇宇;85.7;35;201601060330_杨雨;85.7;36;201601060337_赵美玉;73.4;37;201501041623_余明军;71.4;38;201601060314_刘新妹;60.6;
201601060412_李兆玉;39;201601060312_李家奇;100.0;40;201601060320_唐笑谈;100.0;41;201601060316_任浩东;100.0;
201601060320_唐笑谈;42;201601060312_李家奇;100.0;43;201601060316_任浩东;100.0;
201601060316_任浩东;44;201601060312_李家奇;100.0;
201601060322_王文昊;45;201601060308_段雨辰;100.0;46;201601060313_李文波;100.0;
201601060313_李文波;47;201601060308_段雨辰;100.0;
201601060331_尹振;48;201601060330_杨雨;100.0;49;201601060318_孙崇宇;100.0;50;201601060533_张燕丘;100.0;51;201601060517_山珊;100.0;52;201601060339_陈双;100.0;53;201601060336_赵光博;100.0;54;201401060413_刘子笛;85.7;55;201501060136_张欣俣;85.7;56;201501041623_余明军;77.0;57;201601060337_赵美玉;75.0;58;201601060314_刘新妹;74.2;
201601060533_张燕丘;59;201601060318_孙崇宇;100.0;60;201601060517_山珊;100.0;61;201601060339_陈双;100.0;62;201601060336_赵光博;100.0;63;201601060330_杨雨;100.0;64;201501060136_张欣俣;85.7;65;201401060413_刘子笛;85.7;66;201501041623_余明军;77.0;67;201601060337_赵美玉;75.0;68;201601060314_刘新妹;74.2;
201601060517_山珊;69;201601060318_孙崇宇;100.0;70;201601060339_陈双;100.0;71;201601060336_赵光博;100.0;72;201601060330_杨雨;100.0;73;201501060136_张欣俣;85.7;74;201401060413_刘子笛;85.7;75;201501041623_余明军;77.0;76;201601060337_赵美玉;75.0;77;201601060314_刘新妹;74.2;
201601060339_陈双;78;201601060318_孙崇宇;100.0;79;201601060336_赵光博;100.0;80;201601060330_杨雨;100.0;81;201401060413_刘子笛;85.7;82;201501060136_张欣俣;85.7;83;201501041623_余明军;77.0;84;201601060337_赵美玉;75.0;85;201601060314_刘新妹;74.2;
201601060336_赵光博;86;201601060318_孙崇宇;100.0;87;201601060330_杨雨;100.0;88;201401060413_刘子笛;85.7;89;201501060136_张欣俣;85.7;90;201501041623_余明军;77.0;91;201601060337_赵美玉;75.0;92;201601060314_刘新妹;74.2;
201601060330_杨雨;93;201601060318_孙崇宇;100.0;94;201401060413_刘子笛;85.7;95;201501060136_张欣俣;85.7;96;201501041623_余明军;77.0;97;201601060337_赵美玉;75.0;98;201601060314_刘新妹;74.2;
201601060406_高帅;99;201601060317_沈潇轩;100.0;100;201601060404_陈浩东;100.0;101;201601060332_张栋;70.2;102;201601060315_马瑞辰;66.6;
201601060404_陈浩东;103;201601060317_沈潇轩;100.0;104;201601060332_张栋;70.2;105;201601060315_马瑞辰;66.6;
201601060432_袁鸿鹏;106;201601060430_杨悦敏;100.0;107;201601060425_王兆发;72.7;
201501060136_张欣俣;108;201401060413_刘子笛;100.0;109;201601060318_孙崇宇;85.7;110;201601060337_赵美玉;73.4;111;201501041623_余明军;71.4;112;201601060314_刘新妹;60.6;
201601060324_王舟波;113;201601060327_闫哲;98.3;114;201601060305_豆维卿;70.2;115;201601060332_张栋;68.9;116;201601060428_谢淳淳;60.0;
201601060510_李建家;117;201401060223_孙仕敏;93.0;118;201601060301_陈柯铭;60.7;119;201601060304_董振璐;60.7;
201601060429_许杰;120;201601060512_李永超;91.7;121;201601060407_高文亮;86.1;122;201601060419_王超;75.5;123;201601060428_谢淳淳;70.6;
201601060305_豆维卿;124;201601060302_仇家康;89.3;125;201601060304_董振璐;78.1;126;201601060301_陈柯铭;75.0;127;201601060303_丁韦杰;72.7;128;201601060327_闫哲;69.7;129;201601060332_张栋;65.0;
201601060304_董振璐;130;201601060302_仇家康;88.5;131;201601060301_陈柯铭;88.1;132;201601060303_丁韦杰;85.2;133;201401060223_孙仕敏;60.7;
201601060318_孙崇宇;134;201401060413_刘子笛;85.7;135;201501041623_余明军;77.0;136;201601060337_赵美玉;75.0;137;201601060314_刘新妹;74.2;
201601060301_陈柯铭;138;201601060303_丁韦杰;85.2;139;201601060302_仇家康;85.2;140;201401060223_孙仕敏;60.7;
201601060527_徐强;141;201601060524_王子双;84.9;142;201601060523_王万祥;67.1;
201601060512_李永超;143;201601060407_高文亮;84.2;144;201601060428_谢淳淳;69.1;145;201601060419_王超;67.6;
201601060416_裴仲宁;146;201601060415_聂玉虎;83.3;
201601060518_宋秋郁;147;201601060530_张佳豪;83.2;148;201601060531_张伟;62.0;
201601060525_夏天宇;149;201601060311_黄莹;82.7;
201601060537_郑源;150;201601060329_杨肖铭;82.5;
201601060303_丁韦杰;151;201601060302_仇家康;82.5;
201601060328_杨雯;152;201601060307_杜玉健;82.2;153;201601060420_王娇;82.2;154;201601060333_张莉;82.2;155;201601060325_肖湘城;82.2;156;201601060437_周美美;82.2;
201601060437_周美美;157;201601060307_杜玉健;82.2;158;201601060420_王娇;82.2;159;201601060325_肖湘城;82.2;160;201601060333_张莉;82.2;
201601060420_王娇;161;201601060307_杜玉健;82.2;162;201601060333_张莉;82.2;163;201601060325_肖湘城;82.2;
201601060333_张莉;164;201601060307_杜玉健;82.2;165;201601060325_肖湘城;82.2;
201601060325_肖湘城;166;201601060307_杜玉健;82.2;
201601060523_王万祥;167;201601060439_范子齐;82.1;168;201601060524_王子双;67.1;
201601060502_曾怡然;169;201601060433_苑馨月;81.1;170;201601060501_班鑫;78.8;171;201601060521_谭婷;66.0;172;201601060515_刘丽辉;61.0;
201601060532_张星辰;173;201601060436_赵旭;81.0;174;201601060409_胡宏伟;81.0;
201601060436_赵旭;175;201601060409_胡宏伟;81.0;
201601060433_苑馨月;176;201601060501_班鑫;78.8;177;201601060521_谭婷;66.0;178;201601060515_刘丽辉;61.0;
201601060504_冯晓坤;179;201601060438_朱亦豪;77.5;180;201601060435_张恒;77.5;181;201601060519_孙琪;67.2;
201601060438_朱亦豪;182;201601060435_张恒;77.5;183;201601060519_孙琪;67.2;
201601060538_朱敬强;184;201601060535_赵士浩;75.5;185;201601060536_郑纳忠;69.5;
201401060413_刘子笛;186;201601060337_赵美玉;73.4;187;201501041623_余明军;71.4;188;201601060314_刘新妹;60.6;
201601060430_杨悦敏;189;201601060425_王兆发;72.7;
201601060317_沈潇轩;190;201601060332_张栋;70.2;191;201601060315_马瑞辰;66.6;
201601060536_郑纳忠;192;201601060535_赵士浩;69.5;
201601060428_谢淳淳;193;201601060419_王超;67.6;194;201601060407_高文亮;63.1;195;201601060327_闫哲;60.9;
201601060519_孙琪;196;201601060435_张恒;67.2;
201601060521_谭婷;197;201601060501_班鑫;64.2;
201601060419_王超;198;201601060407_高文亮;61.4;
201601060337_赵美玉;199;201501041623_余明军;60.4;
